a,b,expr,sum
294,154,294+154,448
30,61,30+61,91
239,669,239+669,908
609,425,609+425,1034
305,875,305+875,1180
378,432,378+432,810
408,569,408+569,977
406,842,406+842,1248
67,916,67+916,983
465,731,465+731,1196
854,187,854+187,1041
68,305,68+305,373
736,180,736+180,916
320,268,320+268,588
387,283,387+283,670
634,984,634+984,1618
775,780,775+780,1555
545,818,545+818,1363
207,460,207+460,667
943,625,943+625,1568
338,129,338+129,467
919,46,919+46,965
498,255,498+255,753
47,961,47+961,1008
962,426,962+426,1388
824,861,824+861,1685
154,896,154+896,1050
872,625,872+625,1497
183,998,183+998,1181
46,822,46+822,868
990,217,990+217,1207
968,154,968+154,1122
942,62,942+62,1004
503,308,503+308,811
824,254,824+254,1078
109,354,109+354,463
237,394,237+394,631
67,735,67+735,802
412,261,412+261,673
217,93,217+93,310
337,802,337+802,1139
881,335,881+335,1216
675,740,675+740,1415
702,78,702+78,780
879,590,879+590,1469
390,38,390+38,428
223,933,223+933,1156
907,593,907+593,1500
374,376,374+376,750
505,268,505+268,773
112,171,112+171,283
311,809,311+809,1120
142,368,142+368,510
271,408,271+408,679
991,848,991+848,1839
897,39,897+39,936
395,567,395+567,962
328,295,328+295,623
443,997,443+997,1440
281,889,281+889,1170
184,714,184+714,898
782,747,782+747,1529
761,695,761+695,1456
405,91,405+91,496
405,699,405+699,1104
454,691,454+691,1145
706,724,706+724,1430
113,359,113+359,472
519,945,519+945,1464
136,376,136+376,512
382,414,382+414,796
518,202,518+202,720
465,621,465+621,1086
375,488,375+488,863
117,99,117+99,216
269,973,269+973,1242
715,107,715+107,822
422,850,422+850,1272
487,630,487+630,1117
594,477,594+477,1071
33,365,33+365,398
225,863,225+863,1088
492,326,492+326,818
108,848,108+848,956
75,912,75+912,987
293,260,293+260,553
203,650,203+650,853
950,19,950+19,969
477,440,477+440,917
880,16,880+16,896
378,50,378+50,428
411,180,411+180,591
28,881,28+881,909
550,264,550+264,814
706,436,706+436,1142
493,542,493+542,1035
909,325,909+325,1234
266,431,266+431,697
203,105,203+105,308
450,306,450+306,756
604,758,604+758,1362
199,913,199+913,1112
581,462,581+462,1043
968,143,968+143,1111
352,624,352+624,976
138,108,138+108,246
71,24,71+24,95
5,276,5+276,281
242,551,242+551,793
316,812,316+812,1128
954,440,954+440,1394
942,502,942+502,1444
125,544,125+544,669
774,542,774+542,1316
747,559,747+559,1306
429,398,429+398,827
403,143,403+143,546
733,92,733+92,825
838,416,838+416,1254
991,28,991+28,1019
50,993,50+993,1043
342,254,342+254,596
633,60,633+60,693
749,255,749+255,1004
444,108,444+108,552
506,580,506+580,1086
522,141,522+141,663
338,583,338+583,921
232,122,232+122,354
399,526,399+526,925
356,768,356+768,1124
218,742,218+742,960
676,697,676+697,1373
94,32,94+32,126
861,76,861+76,937
740,551,740+551,1291
652,593,652+593,1245
959,492,959+492,1451
234,366,234+366,600
491,303,491+303,794
434,138,434+138,572
162,7,162+7,169
905,118,905+118,1023
445,50,445+50,495
82,710,82+710,792
766,313,766+313,1079
842,801,842+801,1643
182,94,182+94,276
549,791,549+791,1340
805,612,805+612,1417
785,946,785+946,1731
512,283,512+283,795
420,517,420+517,937
727,446,727+446,1173
115,185,115+185,300
798,125,798+125,923
58,843,58+843,901
320,181,320+181,501
602,359,602+359,961
155,395,155+395,550
298,218,298+218,516
379,124,379+124,503
522,962,522+962,1484
715,772,715+772,1487
16,83,16+83,99
921,857,921+857,1778
813,515,813+515,1328
597,940,597+940,1537
514,808,514+808,1322
115,461,115+461,576
766,479,766+479,1245
686,786,686+786,1472
790,73,790+73,863
290,60,290+60,350
801,771,801+771,1572
477,417,477+417,894
958,275,958+275,1233
682,170,682+170,852
301,745,301+745,1046
384,199,384+199,583
444,97,444+97,541
618,814,618+814,1432
813,591,813+591,1404
512,641,512+641,1153
233,57,233+57,290
63,294,63+294,357
726,109,726+109,835
640,305,640+305,945
644,579,644+579,1223
925,97,925+97,1022
16,36,16+36,52
377,157,377+157,534
643,578,643+578,1221
603,822,603+822,1425
986,437,986+437,1423
692,278,692+278,970
935,76,935+76,1011
500,280,500+280,780
755,988,755+988,1743
933,807,933+807,1740
817,708,817+708,1525
261,55,261+55,316
609,635,609+635,1244
368,125,368+125,493
657,746,657+746,1403
619,26,619+26,645
292,869,292+869,1161
267,657,267+657,924
695,355,695+355,1050
751,828,751+828,1579
711,909,711+909,1620
696,789,696+789,1485
77,841,77+841,918
226,427,226+427,653
381,252,381+252,633
13,701,13+701,714
466,130,466+130,596
914,660,914+660,1574
106,813,106+813,919
76,259,76+259,335
117,21,117+21,138
213,418,213+418,631
482,819,482+819,1301
778,77,778+77,855
679,574,679+574,1253
145,959,145+959,1104
334,464,334+464,798
413,872,413+872,1285
719,783,719+783,1502
677,206,677+206,883
229,412,229+412,641
124,18,124+18,142
381,841,381+841,1222
538,742,538+742,1280
146,603,146+603,749
394,833,394+833,1227
692,838,692+838,1530
289,416,289+416,705
672,728,672+728,1400
291,144,291+144,435
313,727,313+727,1040
641,101,641+101,742
58,219,58+219,277
483,844,483+844,1327
49,997,49+997,1046
335,275,335+275,610
843,159,843+159,1002
329,832,329+832,1161
757,775,757+775,1532
495,533,495+533,1028
883,885,883+885,1768
868,659,868+659,1527
395,548,395+548,943
605,344,605+344,949
383,202,383+202,585
912,147,912+147,1059
759,344,759+344,1103
420,150,420+150,570
146,971,146+971,1117
331,28,331+28,359
754,714,754+714,1468
886,252,886+252,1138
816,327,816+327,1143
402,822,402+822,1224
282,367,282+367,649
801,132,801+132,933
877,471,877+471,1348
550,182,550+182,732
360,999,360+999,1359
289,878,289+878,1167
974,327,974+327,1301
999,289,999+289,1288
555,151,555+151,706
609,227,609+227,836
62,787,62+787,849
320,702,320+702,1022
428,606,428+606,1034
444,179,444+179,623
791,362,791+362,1153
333,420,333+420,753
958,12,958+12,970
43,614,43+614,657
991,9,991+9,1000
941,749,941+749,1690
400,306,400+306,706
193,260,193+260,453
756,421,756+421,1177
921,946,921+946,1867
92,752,92+752,844
424,129,424+129,553
920,102,920+102,1022
865,550,865+550,1415
925,715,925+715,1640
801,995,801+995,1796
928,989,928+989,1917
924,45,924+45,969
6,890,6+890,896
158,992,158+992,1150
129,270,129+270,399
449,558,449+558,1007
192,722,192+722,914
98,432,98+432,530
138,788,138+788,926
109,996,109+996,1105
605,150,605+150,755
322,487,322+487,809
603,438,603+438,1041
85,697,85+697,782
848,331,848+331,1179
668,933,668+933,1601
825,609,825+609,1434
629,128,629+128,757
250,535,250+535,785
817,379,817+379,1196
857,980,857+980,1837
971,679,971+679,1650
639,691,639+691,1330
814,524,814+524,1338
382,24,382+24,406
380,945,380+945,1325
902,315,902+315,1217
876,277,876+277,1153
568,449,568+449,1017
514,259,514+259,773
557,822,557+822,1379
833,604,833+604,1437
549,112,549+112,661
824,295,824+295,1119
812,619,812+619,1431
611,361,611+361,972
376,574,376+574,950
682,161,682+161,843
968,882,968+882,1850
532,193,532+193,725
821,543,821+543,1364
716,910,716+910,1626
611,799,611+799,1410
572,419,572+419,991
131,969,131+969,1100
735,292,735+292,1027
551,872,551+872,1423
201,820,201+820,1021
969,106,969+106,1075
560,141,560+141,701
504,761,504+761,1265
472,851,472+851,1323
61,145,61+145,206
523,919,523+919,1442
122,319,122+319,441
828,123,828+123,951
12,371,12+371,383
290,319,290+319,609
676,101,676+101,777
379,174,379+174,553
786,327,786+327,1113
195,12,195+12,207
574,380,574+380,954
332,587,332+587,919
548,994,548+994,1542
192,392,192+392,584
536,397,536+397,933
578,268,578+268,846
506,992,506+992,1498
173,385,173+385,558
507,402,507+402,909
170,656,170+656,826
806,937,806+937,1743
60,45,60+45,105
790,835,790+835,1625
205,505,205+505,710
361,548,361+548,909
66,135,66+135,201
906,808,906+808,1714
28,828,28+828,856
502,324,502+324,826
131,675,131+675,806
719,467,719+467,1186
623,690,623+690,1313
186,158,186+158,344
411,273,411+273,684
745,63,745+63,808
562,798,562+798,1360
331,424,331+424,755
305,793,305+793,1098
857,665,857+665,1522
368,76,368+76,444
921,403,921+403,1324
310,891,310+891,1201
931,721,931+721,1652
914,252,914+252,1166
281,296,281+296,577
720,941,720+941,1661
190,139,190+139,329
891,5,891+5,896
512,576,512+576,1088
534,316,534+316,850
861,740,861+740,1601
206,292,206+292,498
621,435,621+435,1056
496,115,496+115,611
686,175,686+175,861
104,572,104+572,676
436,990,436+990,1426
286,574,286+574,860
730,238,730+238,968
607,681,607+681,1288
380,401,380+401,781
960,601,960+601,1561
784,147,784+147,931
400,600,400+600,1000
210,700,210+700,910
446,213,446+213,659
323,916,323+916,1239
122,46,122+46,168
974,489,974+489,1463
273,367,273+367,640
371,917,371+917,1288
917,877,917+877,1794
448,563,448+563,1011
602,240,602+240,842
885,643,885+643,1528
225,522,225+522,747
97,849,97+849,946
310,574,310+574,884
651,40,651+40,691
497,614,497+614,1111
154,34,154+34,188
211,492,211+492,703
837,759,837+759,1596
227,404,227+404,631
139,484,139+484,623
109,697,109+697,806
724,246,724+246,970
664,963,664+963,1627
887,490,887+490,1377
413,533,413+533,946
214,310,214+310,524
77,944,77+944,1021
196,227,196+227,423
744,312,744+312,1056
804,381,804+381,1185
22,8,22+8,30
245,159,245+159,404
942,813,942+813,1755
198,502,198+502,700
887,114,887+114,1001
535,497,535+497,1032
291,498,291+498,789
416,797,416+797,1213
184,892,184+892,1076
476,555,476+555,1031
212,177,212+177,389
728,224,728+224,952
649,323,649+323,972
216,711,216+711,927
74,748,74+748,822
913,214,913+214,1127
88,3,88+3,91
140,544,140+544,684
549,561,549+561,1110
957,815,957+815,1772
875,851,875+851,1726
253,231,253+231,484
12,454,12+454,466
474,85,474+85,559
404,712,404+712,1116
531,408,531+408,939
247,639,247+639,886
90,7,90+7,97
885,571,885+571,1456
369,233,369+233,602
274,294,274+294,568
118,510,118+510,628
826,897,826+897,1723
512,315,512+315,827
857,753,857+753,1610
160,154,160+154,314
935,322,935+322,1257
814,737,814+737,1551
739,892,739+892,1631
411,849,411+849,1260
463,694,463+694,1157
302,747,302+747,1049
888,63,888+63,951
790,267,790+267,1057
712,958,712+958,1670
470,436,470+436,906
454,653,454+653,1107
384,755,384+755,1139
71,60,71+60,131
911,395,911+395,1306
749,762,749+762,1511
525,724,525+724,1249
130,460,130+460,590
362,911,362+911,1273
806,314,806+314,1120
313,894,313+894,1207
795,695,795+695,1490
107,794,107+794,901
722,961,722+961,1683
762,451,762+451,1213
760,442,760+442,1202
124,68,124+68,192
313,150,313+150,463
300,88,300+88,388
969,364,969+364,1333
926,202,926+202,1128
153,743,153+743,896
949,732,949+732,1681
936,335,936+335,1271
800,565,800+565,1365
893,564,893+564,1457
300,381,300+381,681
920,622,920+622,1542
118,314,118+314,432
563,853,563+853,1416
375,986,375+986,1361
140,238,140+238,378
498,904,498+904,1402
286,445,286+445,731
169,424,169+424,593
656,715,656+715,1371
271,619,271+619,890
154,917,154+917,1071
991,403,991+403,1394
184,283,184+283,467
496,970,496+970,1466
792,148,792+148,940
262,401,262+401,663
741,301,741+301,1042
329,394,329+394,723
765,434,765+434,1199
60,590,60+590,650
427,601,427+601,1028
489,806,489+806,1295
253,697,253+697,950
261,19,261+19,280
915,602,915+602,1517
158,538,158+538,696
423,131,423+131,554
488,996,488+996,1484
564,484,564+484,1048
552,521,552+521,1073
331,880,331+880,1211
981,13,981+13,994
754,856,754+856,1610
736,569,736+569,1305
159,780,159+780,939
413,815,413+815,1228
55,839,55+839,894
379,136,379+136,515
116,521,116+521,637
508,663,508+663,1171
344,636,344+636,980
454,78,454+78,532
244,627,244+627,871
381,327,381+327,708
253,181,253+181,434
184,613,184+613,797
841,721,841+721,1562
938,7,938+7,945
421,404,421+404,825
703,60,703+60,763
961,801,961+801,1762
201,107,201+107,308
199,625,199+625,824
872,925,872+925,1797
913,676,913+676,1589
279,44,279+44,323
433,428,433+428,861
511,146,511+146,657
642,708,642+708,1350
967,181,967+181,1148
729,588,729+588,1317
653,521,653+521,1174
406,90,406+90,496
453,237,453+237,690
999,155,999+155,1154
363,289,363+289,652
128,706,128+706,834
978,132,978+132,1110
807,757,807+757,1564
117,133,117+133,250
266,327,266+327,593
270,858,270+858,1128
46,805,46+805,851
212,382,212+382,594
294,459,294+459,753
889,593,889+593,1482
21,151,21+151,172
16,106,16+106,122
230,882,230+882,1112
375,28,375+28,403
568,741,568+741,1309
724,416,724+416,1140
894,64,894+64,958
538,849,538+849,1387
620,961,620+961,1581
794,364,794+364,1158
322,235,322+235,557
681,388,681+388,1069
89,601,89+601,690
103,885,103+885,988
429,60,429+60,489
247,514,247+514,761
824,403,824+403,1227
761,826,761+826,1587
870,446,870+446,1316
417,769,417+769,1186
864,370,864+370,1234
751,591,751+591,1342
895,208,895+208,1103
750,212,750+212,962
635,52,635+52,687
761,467,761+467,1228
579,1,579+1,580
126,777,126+777,903
173,799,173+799,972
703,397,703+397,1100
879,806,879+806,1685
149,313,149+313,462
379,34,379+34,413
386,328,386+328,714
356,259,356+259,615
171,228,171+228,399
513,297,513+297,810
842,276,842+276,1118
209,250,209+250,459
246,973,246+973,1219
279,648,279+648,927
195,745,195+745,940
717,997,717+997,1714
843,82,843+82,925
627,995,627+995,1622
893,567,893+567,1460
366,824,366+824,1190
774,853,774+853,1627
535,669,535+669,1204
310,602,310+602,912
244,10,244+10,254
720,137,720+137,857
822,753,822+753,1575
730,391,730+391,1121
389,762,389+762,1151
833,918,833+918,1751
806,578,806+578,1384
948,923,948+923,1871
667,683,667+683,1350
480,332,480+332,812
881,632,881+632,1513
499,59,499+59,558
635,485,635+485,1120
980,196,980+196,1176
594,262,594+262,856
623,128,623+128,751
422,321,422+321,743
232,400,232+400,632
809,852,809+852,1661
755,400,755+400,1155
985,960,985+960,1945
445,961,445+961,1406
132,441,132+441,573
432,975,432+975,1407
580,900,580+900,1480
476,37,476+37,513
191,260,191+260,451
868,338,868+338,1206
95,59,95+59,154
236,880,236+880,1116
879,167,879+167,1046
466,370,466+370,836
137,626,137+626,763
270,546,270+546,816
119,672,119+672,791
693,253,693+253,946
944,143,944+143,1087
911,939,911+939,1850
78,693,78+693,771
540,509,540+509,1049
718,554,718+554,1272
711,992,711+992,1703
892,362,892+362,1254
758,219,758+219,977
4,721,4+721,725
289,402,289+402,691
14,839,14+839,853
465,570,465+570,1035
617,798,617+798,1415
915,238,915+238,1153
434,539,434+539,973
142,55,142+55,197
123,474,123+474,597
729,845,729+845,1574
103,560,103+560,663
632,62,632+62,694
368,417,368+417,785
66,841,66+841,907
716,152,716+152,868
894,46,894+46,940
508,970,508+970,1478
715,723,715+723,1438
324,284,324+284,608
904,918,904+918,1822
711,455,711+455,1166
213,582,213+582,795
67,431,67+431,498
754,568,754+568,1322
727,706,727+706,1433
636,71,636+71,707
62,664,62+664,726
40,560,40+560,600
530,635,530+635,1165
422,602,422+602,1024
709,546,709+546,1255
996,904,996+904,1900
592,542,592+542,1134
814,490,814+490,1304
707,646,707+646,1353
267,203,267+203,470
833,743,833+743,1576
958,822,958+822,1780
941,910,941+910,1851
850,874,850+874,1724
903,979,903+979,1882
394,471,394+471,865
110,735,110+735,845
256,824,256+824,1080
967,600,967+600,1567
115,574,115+574,689
669,326,669+326,995
704,29,704+29,733
759,837,759+837,1596
898,688,898+688,1586
698,777,698+777,1475
212,913,212+913,1125
278,934,278+934,1212
251,171,251+171,422
967,105,967+105,1072
425,406,425+406,831
430,609,430+609,1039
454,8,454+8,462
14,436,14+436,450
129,729,129+729,858
361,723,361+723,1084
83,644,83+644,727
620,794,620+794,1414
369,180,369+180,549
726,837,726+837,1563
750,134,750+134,884
566,231,566+231,797
571,497,571+497,1068
380,410,380+410,790
166,52,166+52,218
110,893,110+893,1003
951,122,951+122,1073
87,260,87+260,347
101,822,101+822,923
579,164,579+164,743
177,742,177+742,919
53,430,53+430,483
740,167,740+167,907
817,122,817+122,939
913,207,913+207,1120
759,808,759+808,1567
148,550,148+550,698
170,970,170+970,1140
845,555,845+555,1400
303,716,303+716,1019
74,56,74+56,130
719,800,719+800,1519
756,295,756+295,1051
239,732,239+732,971
444,637,444+637,1081
137,143,137+143,280
863,519,863+519,1382
853,707,853+707,1560
545,477,545+477,1022
264,648,264+648,912
584,176,584+176,760
743,694,743+694,1437
894,562,894+562,1456
856,8,856+8,864
13,694,13+694,707
852,949,852+949,1801
859,49,859+49,908
248,769,248+769,1017
438,594,438+594,1032
628,24,628+24,652
768,164,768+164,932
712,37,712+37,749
654,623,654+623,1277
179,806,179+806,985
164,996,164+996,1160
417,693,417+693,1110
253,597,253+597,850
266,454,266+454,720
126,362,126+362,488
907,108,907+108,1015
373,137,373+137,510
801,987,801+987,1788
679,843,679+843,1522
753,2,753+2,755
602,420,602+420,1022
378,387,378+387,765
10,428,10+428,438
791,10,791+10,801
564,397,564+397,961
967,911,967+911,1878
723,384,723+384,1107
357,752,357+752,1109
805,782,805+782,1587
439,891,439+891,1330
702,746,702+746,1448
244,799,244+799,1043
593,268,593+268,861
794,24,794+24,818
913,355,913+355,1268
537,644,537+644,1181
387,277,387+277,664
565,632,565+632,1197
802,17,802+17,819
567,82,567+82,649
203,399,203+399,602
894,876,894+876,1770
598,442,598+442,1040
507,197,507+197,704
186,600,186+600,786
228,935,228+935,1163
656,197,656+197,853
950,95,950+95,1045
246,532,246+532,778
531,824,531+824,1355
687,891,687+891,1578
699,411,699+411,1110
996,233,996+233,1229
137,755,137+755,892
555,504,555+504,1059
958,434,958+434,1392
601,176,601+176,777
657,193,657+193,850
219,254,219+254,473
939,178,939+178,1117
200,206,200+206,406
340,528,340+528,868
860,198,860+198,1058
138,536,138+536,674
19,306,19+306,325
488,290,488+290,778
152,461,152+461,613
579,130,579+130,709
802,427,802+427,1229
628,549,628+549,1177
92,236,92+236,328
467,664,467+664,1131
196,78,196+78,274
711,568,711+568,1279
468,796,468+796,1264
971,904,971+904,1875
736,919,736+919,1655
518,798,518+798,1316
733,319,733+319,1052
708,770,708+770,1478
589,772,589+772,1361
890,126,890+126,1016
62,583,62+583,645
541,525,541+525,1066
828,876,828+876,1704
306,26,306+26,332
762,497,762+497,1259
545,158,545+158,703
128,988,128+988,1116
276,906,276+906,1182
684,750,684+750,1434
847,324,847+324,1171
412,208,412+208,620
557,582,557+582,1139
804,262,804+262,1066
600,501,600+501,1101
749,343,749+343,1092
743,294,743+294,1037
740,245,740+245,985
458,869,458+869,1327
498,865,498+865,1363
109,486,109+486,595
720,780,720+780,1500
55,795,55+795,850
130,249,130+249,379
393,993,393+993,1386
283,140,283+140,423
571,476,571+476,1047
904,22,904+22,926
816,985,816+985,1801
390,464,390+464,854
824,680,824+680,1504
795,213,795+213,1008
168,128,168+128,296
286,331,286+331,617
948,807,948+807,1755
947,595,947+595,1542
970,329,970+329,1299
157,356,157+356,513
668,805,668+805,1473
969,541,969+541,1510
374,635,374+635,1009
786,154,786+154,940
959,215,959+215,1174
231,307,231+307,538
718,649,718+649,1367
27,391,27+391,418
460,465,460+465,925
80,877,80+877,957
695,985,695+985,1680
925,671,925+671,1596
969,686,969+686,1655
817,924,817+924,1741
30,473,30+473,503
222,593,222+593,815
118,718,118+718,836
914,936,914+936,1850
503,851,503+851,1354
822,198,822+198,1020
637,735,637+735,1372
741,606,741+606,1347
96,534,96+534,630
349,175,349+175,524
949,172,949+172,1121
715,842,715+842,1557
951,522,951+522,1473
766,760,766+760,1526
130,280,130+280,410
226,665,226+665,891
952,470,952+470,1422
547,397,547+397,944
897,447,897+447,1344
666,233,666+233,899
597,621,597+621,1218
636,533,636+533,1169
725,240,725+240,965
214,909,214+909,1123
17,997,17+997,1014
863,575,863+575,1438
458,39,458+39,497
185,660,185+660,845
473,18,473+18,491
144,159,144+159,303
963,733,963+733,1696
496,340,496+340,836
989,714,989+714,1703
949,835,949+835,1784
186,577,186+577,763
986,427,986+427,1413
439,641,439+641,1080
293,958,293+958,1251
268,905,268+905,1173
371,571,371+571,942
301,790,301+790,1091
160,320,160+320,480
96,942,96+942,1038
682,717,682+717,1399
523,83,523+83,606
498,993,498+993,1491
507,805,507+805,1312
518,343,518+343,861
45,179,45+179,224
372,640,372+640,1012
82,280,82+280,362
945,957,945+957,1902
900,95,900+95,995
64,711,64+711,775
673,151,673+151,824
602,231,602+231,833
382,155,382+155,537
618,875,618+875,1493
776,939,776+939,1715
822,294,822+294,1116
691,204,691+204,895
364,489,364+489,853
279,480,279+480,759
31,191,31+191,222
990,738,990+738,1728
930,567,930+567,1497
515,831,515+831,1346
918,538,918+538,1456
21,183,21+183,204
25,45,25+45,70
293,150,293+150,443
696,515,696+515,1211
524,26,524+26,550
516,586,516+586,1102
535,328,535+328,863
530,38,530+38,568
190,973,190+973,1163
397,966,397+966,1363
761,831,761+831,1592
390,863,390+863,1253
675,99,675+99,774
437,524,437+524,961
125,754,125+754,879
182,855,182+855,1037
719,135,719+135,854
191,642,191+642,833
115,306,115+306,421
807,502,807+502,1309
295,578,295+578,873
576,80,576+80,656
888,810,888+810,1698
820,476,820+476,1296
655,730,655+730,1385
980,957,980+957,1937
456,87,456+87,543
720,493,720+493,1213
432,957,432+957,1389
135,228,135+228,363
742,28,742+28,770
69,659,69+659,728
842,492,842+492,1334
959,980,959+980,1939
248,303,248+303,551
70,300,70+300,370
411,686,411+686,1097
833,66,833+66,899
488,707,488+707,1195
358,921,358+921,1279
543,496,543+496,1039
599,879,599+879,1478
659,931,659+931,1590
634,158,634+158,792
695,267,695+267,962
410,576,410+576,986
801,643,801+643,1444
125,648,125+648,773
215,542,215+542,757
992,947,992+947,1939
567,772,567+772,1339
795,625,795+625,1420
994,106,994+106,1100
280,896,280+896,1176
715,270,715+270,985
750,964,750+964,1714
682,369,682+369,1051
907,923,907+923,1830
917,179,917+179,1096
990,596,990+596,1586
589,490,589+490,1079
487,847,487+847,1334
827,639,827+639,1466
922,867,922+867,1789
446,923,446+923,1369
768,50,768+50,818
150,675,150+675,825
82,13,82+13,95
438,956,438+956,1394
619,507,619+507,1126
649,771,649+771,1420
99,928,99+928,1027
734,655,734+655,1389
736,726,736+726,1462
72,159,72+159,231
598,499,598+499,1097
136,918,136+918,1054
326,28,326+28,354
680,965,680+965,1645
297,196,297+196,493
876,866,876+866,1742
73,801,73+801,874
384,880,384+880,1264
263,330,263+330,593
677,763,677+763,1440
414,937,414+937,1351
95,214,95+214,309
15,224,15+224,239
135,793,135+793,928
26,111,26+111,137
230,658,230+658,888
344,44,344+44,388
429,558,429+558,987
756,129,756+129,885
27,627,27+627,654
940,301,940+301,1241
513,727,513+727,1240
340,309,340+309,649
84,311,84+311,395
92,233,92+233,325
814,122,814+122,936
299,560,299+560,859
730,129,730+129,859
333,393,333+393,726
488,602,488+602,1090
582,452,582+452,1034
452,944,452+944,1396
952,30,952+30,982
398,531,398+531,929
379,513,379+513,892
616,365,616+365,981
821,967,821+967,1788
814,541,814+541,1355
827,343,827+343,1170
678,314,678+314,992
944,865,944+865,1809
562,252,562+252,814
256,50,256+50,306
894,985,894+985,1879
835,223,835+223,1058
931,203,931+203,1134
163,278,163+278,441
728,621,728+621,1349
421,40,421+40,461
109,136,109+136,245
189,331,189+331,520
345,904,345+904,1249
132,906,132+906,1038
641,817,641+817,1458
162,198,162+198,360
387,364,387+364,751
471,521,471+521,992
101,260,101+260,361
234,653,234+653,887
708,143,708+143,851
821,70,821+70,891
951,102,951+102,1053
253,62,253+62,315
403,761,403+761,1164
266,99,266+99,365
105,507,105+507,612
384,354,384+354,738
873,324,873+324,1197
625,623,625+623,1248
845,280,845+280,1125
408,947,408+947,1355
182,100,182+100,282
568,185,568+185,753
754,571,754+571,1325
14,240,14+240,254
791,483,791+483,1274
85,202,85+202,287
819,283,819+283,1102
175,189,175+189,364
215,260,215+260,475
775,898,775+898,1673
452,584,452+584,1036
404,543,404+543,947
948,798,948+798,1746
526,420,526+420,946
375,228,375+228,603
871,935,871+935,1806
687,677,687+677,1364
642,892,642+892,1534
780,749,780+749,1529
812,768,812+768,1580
542,100,542+100,642
201,760,201+760,961
913,872,913+872,1785
376,658,376+658,1034
38,927,38+927,965
597,240,597+240,837
605,69,605+69,674
429,575,429+575,1004
283,139,283+139,422
244,705,244+705,949
685,707,685+707,1392
8,565,8+565,573
792,90,792+90,882
828,973,828+973,1801
887,115,887+115,1002
937,65,937+65,1002
766,310,766+310,1076
299,191,299+191,490
65,336,65+336,401
97,513,97+513,610
77,141,77+141,218
709,712,709+712,1421
967,820,967+820,1787
246,859,246+859,1105
472,247,472+247,719
477,751,477+751,1228
939,903,939+903,1842
591,525,591+525,1116
754,434,754+434,1188
35,12,35+12,47
119,828,119+828,947
502,879,502+879,1381
322,908,322+908,1230
964,859,964+859,1823
904,600,904+600,1504
547,145,547+145,692
897,440,897+440,1337
889,384,889+384,1273
818,128,818+128,946
299,770,299+770,1069
570,218,570+218,788
937,354,937+354,1291
767,858,767+858,1625
191,198,191+198,389
490,627,490+627,1117
865,97,865+97,962
163,519,163+519,682
787,56,787+56,843
994,770,994+770,1764
647,381,647+381,1028
151,427,151+427,578
259,39,259+39,298
662,351,662+351,1013
921,437,921+437,1358
93,536,93+536,629
306,471,306+471,777
544,414,544+414,958
174,308,174+308,482
339,933,339+933,1272
829,598,829+598,1427
267,950,267+950,1217
123,414,123+414,537
518,890,518+890,1408
719,873,719+873,1592
474,932,474+932,1406
101,200,101+200,301
678,261,678+261,939
702,156,702+156,858
800,439,800+439,1239
916,512,916+512,1428
503,745,503+745,1248
514,29,514+29,543
357,988,357+988,1345
906,149,906+149,1055
851,6,851+6,857
738,95,738+95,833
31,802,31+802,833
480,254,480+254,734
945,152,945+152,1097
579,75,579+75,654
306,352,306+352,658
921,590,921+590,1511
509,946,509+946,1455
61,407,61+407,468
39,860,39+860,899
811,832,811+832,1643
246,880,246+880,1126
469,529,469+529,998
581,680,581+680,1261
557,346,557+346,903
113,868,113+868,981
174,289,174+289,463
926,784,926+784,1710
868,984,868+984,1852
107,917,107+917,1024
724,925,724+925,1649
698,523,698+523,1221
256,309,256+309,565
494,239,494+239,733
258,959,258+959,1217
97,349,97+349,446
131,326,131+326,457
203,22,203+22,225
931,270,931+270,1201
166,372,166+372,538
101,663,101+663,764
960,316,960+316,1276
253,933,253+933,1186
403,296,403+296,699
965,475,965+475,1440
701,887,701+887,1588
816,180,816+180,996
74,959,74+959,1033
792,821,792+821,1613
841,490,841+490,1331
76,214,76+214,290
532,922,532+922,1454
650,476,650+476,1126
674,134,674+134,808
771,270,771+270,1041
427,766,427+766,1193
688,312,688+312,1000
242,848,242+848,1090
305,268,305+268,573
388,147,388+147,535
989,766,989+766,1755
635,756,635+756,1391
489,22,489+22,511
257,601,257+601,858
171,914,171+914,1085
27,619,27+619,646
434,484,434+484,918
338,680,338+680,1018
202,977,202+977,1179
929,544,929+544,1473
620,344,620+344,964
124,86,124+86,210
893,990,893+990,1883
488,698,488+698,1186
660,927,660+927,1587
658,122,658+122,780
223,852,223+852,1075
546,765,546+765,1311
528,574,528+574,1102
628,148,628+148,776
733,600,733+600,1333
281,386,281+386,667
192,801,192+801,993
471,285,471+285,756
302,947,302+947,1249
823,884,823+884,1707
883,793,883+793,1676
417,115,417+115,532
371,651,371+651,1022
855,811,855+811,1666
50,326,50+326,376
198,506,198+506,704
697,814,697+814,1511
176,377,176+377,553
706,401,706+401,1107
999,607,999+607,1606
410,305,410+305,715
950,314,950+314,1264
541,962,541+962,1503
493,891,493+891,1384
692,871,692+871,1563
387,198,387+198,585
259,689,259+689,948
54,220,54+220,274
95,445,95+445,540
851,972,851+972,1823
904,610,904+610,1514
44,76,44+76,120
167,888,167+888,1055
933,365,933+365,1298
126,834,126+834,960
478,629,478+629,1107
357,255,357+255,612
870,437,870+437,1307
800,109,800+109,909
869,610,869+610,1479
81,964,81+964,1045
912,171,912+171,1083
718,942,718+942,1660
179,857,179+857,1036
38,910,38+910,948
609,798,609+798,1407
748,638,748+638,1386
198,710,198+710,908
36,553,36+553,589
639,225,639+225,864
749,86,749+86,835
874,491,874+491,1365
494,565,494+565,1059
922,541,922+541,1463
790,320,790+320,1110
310,542,310+542,852
679,50,679+50,729
183,843,183+843,1026
196,18,196+18,214
44,786,44+786,830
244,200,244+200,444
57,612,57+612,669
327,971,327+971,1298
917,733,917+733,1650
657,681,657+681,1338
845,797,845+797,1642
473,443,473+443,916
705,705,705+705,1410
117,413,117+413,530
829,173,829+173,1002
852,290,852+290,1142
524,336,524+336,860
886,297,886+297,1183
385,113,385+113,498
125,719,125+719,844
715,563,715+563,1278
428,653,428+653,1081
594,61,594+61,655
168,767,168+767,935
449,733,449+733,1182
965,411,965+411,1376
948,146,948+146,1094
732,979,732+979,1711
663,220,663+220,883
465,217,465+217,682
76,745,76+745,821
88,733,88+733,821
269,419,269+419,688
650,605,650+605,1255
235,970,235+970,1205
675,242,675+242,917
252,32,252+32,284
925,331,925+331,1256
774,391,774+391,1165
92,299,92+299,391
687,155,687+155,842
878,235,878+235,1113
395,469,395+469,864
885,37,885+37,922
636,777,636+777,1413
768,903,768+903,1671
367,760,367+760,1127
215,5,215+5,220
789,824,789+824,1613
917,356,917+356,1273
800,36,800+36,836
563,715,563+715,1278
640,389,640+389,1029
660,570,660+570,1230
366,271,366+271,637
676,876,676+876,1552
743,295,743+295,1038
198,856,198+856,1054
803,799,803+799,1602
582,451,582+451,1033
712,681,712+681,1393
925,354,925+354,1279
509,842,509+842,1351
245,565,245+565,810
993,19,993+19,1012
964,941,964+941,1905
517,360,517+360,877
459,19,459+19,478
763,909,763+909,1672
878,624,878+624,1502
301,796,301+796,1097
166,573,166+573,739
34,840,34+840,874
377,999,377+999,1376
797,486,797+486,1283
311,473,311+473,784
533,640,533+640,1173
110,238,110+238,348
137,586,137+586,723
520,434,520+434,954
950,648,950+648,1598
887,741,887+741,1628
237,228,237+228,465
760,147,760+147,907
574,771,574+771,1345
178,667,178+667,845
923,341,923+341,1264
119,497,119+497,616
336,280,336+280,616
574,262,574+262,836
182,563,182+563,745
582,265,582+265,847
562,948,562+948,1510
754,215,754+215,969
635,818,635+818,1453
142,645,142+645,787
56,332,56+332,388
296,345,296+345,641
619,814,619+814,1433
969,600,969+600,1569
791,442,791+442,1233
822,934,822+934,1756
648,657,648+657,1305
684,293,684+293,977
630,889,630+889,1519
413,687,413+687,1100
815,835,815+835,1650
507,860,507+860,1367
88,838,88+838,926
568,757,568+757,1325
705,845,705+845,1550
123,777,123+777,900
850,780,850+780,1630
297,922,297+922,1219
850,437,850+437,1287
6,709,6+709,715
416,791,416+791,1207
306,630,306+630,936
338,988,338+988,1326
924,959,924+959,1883
304,192,304+192,496
672,595,672+595,1267
621,916,621+916,1537
935,22,935+22,957
138,408,138+408,546
845,173,845+173,1018
394,472,394+472,866
290,475,290+475,765
467,133,467+133,600
711,927,711+927,1638
616,966,616+966,1582
663,976,663+976,1639
440,504,440+504,944
617,958,617+958,1575
914,915,914+915,1829
577,212,577+212,789
390,71,390+71,461
335,843,335+843,1178
53,283,53+283,336
902,167,902+167,1069
245,602,245+602,847
869,69,869+69,938
595,970,595+970,1565
749,279,749+279,1028
955,527,955+527,1482
319,226,319+226,545
475,495,475+495,970
937,448,937+448,1385
661,388,661+388,1049
219,530,219+530,749
112,457,112+457,569
330,899,330+899,1229
133,155,133+155,288
537,672,537+672,1209
467,242,467+242,709
816,666,816+666,1482
883,785,883+785,1668
724,813,724+813,1537
435,640,435+640,1075
139,827,139+827,966
762,285,762+285,1047
751,599,751+599,1350
447,448,447+448,895
84,770,84+770,854
992,870,992+870,1862
257,364,257+364,621
415,299,415+299,714
290,360,290+360,650
451,73,451+73,524
31,247,31+247,278
215,392,215+392,607
760,216,760+216,976
400,543,400+543,943
749,373,749+373,1122
128,230,128+230,358
285,678,285+678,963
25,650,25+650,675
747,970,747+970,1717
577,851,577+851,1428
551,177,551+177,728
252,953,252+953,1205
312,385,312+385,697
147,448,147+448,595
284,715,284+715,999
254,958,254+958,1212
36,135,36+135,171
800,903,800+903,1703
949,278,949+278,1227
496,633,496+633,1129
539,662,539+662,1201
539,129,539+129,668
759,921,759+921,1680
560,684,560+684,1244
187,210,187+210,397
17,834,17+834,851
726,412,726+412,1138
453,40,453+40,493
448,47,448+47,495
206,892,206+892,1098
590,217,590+217,807
284,939,284+939,1223
843,696,843+696,1539
90,657,90+657,747
216,725,216+725,941
970,8,970+8,978
225,398,225+398,623
560,787,560+787,1347
301,384,301+384,685
515,840,515+840,1355
409,762,409+762,1171
386,361,386+361,747
540,247,540+247,787
519,642,519+642,1161
200,898,200+898,1098
462,701,462+701,1163
753,563,753+563,1316
865,553,865+553,1418
55,399,55+399,454
114,973,114+973,1087
126,933,126+933,1059
338,657,338+657,995
16,920,16+920,936
840,301,840+301,1141
69,466,69+466,535
946,790,946+790,1736
62,677,62+677,739
452,602,452+602,1054
400,904,400+904,1304
880,831,880+831,1711
760,185,760+185,945
717,902,717+902,1619
770,996,770+996,1766
900,614,900+614,1514
790,979,790+979,1769
68,293,68+293,361
288,348,288+348,636
481,915,481+915,1396
35,298,35+298,333
372,473,372+473,845
87,922,87+922,1009
896,948,896+948,1844
768,548,768+548,1316
559,675,559+675,1234
934,678,934+678,1612
969,662,969+662,1631
641,995,641+995,1636
147,664,147+664,811
897,508,897+508,1405
589,887,589+887,1476
940,919,940+919,1859
34,606,34+606,640
468,933,468+933,1401
50,401,50+401,451
706,238,706+238,944
785,725,785+725,1510
852,465,852+465,1317
6,162,6+162,168
509,318,509+318,827
571,953,571+953,1524
740,840,740+840,1580
311,271,311+271,582
926,961,926+961,1887
942,689,942+689,1631
826,430,826+430,1256
271,489,271+489,760
771,460,771+460,1231
164,727,164+727,891
881,675,881+675,1556
285,44,285+44,329
173,586,173+586,759
161,811,161+811,972
155,696,155+696,851
339,483,339+483,822
356,692,356+692,1048
984,615,984+615,1599
784,890,784+890,1674
184,910,184+910,1094
831,244,831+244,1075
775,110,775+110,885
813,575,813+575,1388
879,729,879+729,1608
256,661,256+661,917
26,388,26+388,414
795,490,795+490,1285
126,681,126+681,807
882,23,882+23,905
287,54,287+54,341
322,64,322+64,386
301,413,301+413,714
763,236,763+236,999
158,175,158+175,333
670,656,670+656,1326
947,770,947+770,1717
193,83,193+83,276
176,425,176+425,601
449,76,449+76,525
544,760,544+760,1304
906,797,906+797,1703
670,441,670+441,1111
824,977,824+977,1801
280,485,280+485,765
977,592,977+592,1569
300,573,300+573,873
553,682,553+682,1235
71,340,71+340,411
844,317,844+317,1161
886,877,886+877,1763
55,910,55+910,965
181,6,181+6,187
901,319,901+319,1220
215,847,215+847,1062
362,523,362+523,885
588,990,588+990,1578
676,404,676+404,1080
853,458,853+458,1311
867,657,867+657,1524
173,575,173+575,748
925,95,925+95,1020
570,866,570+866,1436
310,609,310+609,919
692,488,692+488,1180
202,526,202+526,728
892,298,892+298,1190
270,375,270+375,645
661,367,661+367,1028
830,346,830+346,1176
151,264,151+264,415
419,517,419+517,936
453,628,453+628,1081
810,735,810+735,1545
341,381,341+381,722
127,420,127+420,547
465,321,465+321,786
392,437,392+437,829
976,646,976+646,1622
87,792,87+792,879
6,247,6+247,253
588,937,588+937,1525
302,210,302+210,512
562,256,562+256,818
658,849,658+849,1507
134,306,134+306,440
315,456,315+456,771
861,354,861+354,1215
706,13,706+13,719
592,314,592+314,906
455,286,455+286,741
71,386,71+386,457
685,230,685+230,915
149,384,149+384,533
961,700,961+700,1661
745,249,745+249,994
279,131,279+131,410
417,10,417+10,427
490,397,490+397,887
765,771,765+771,1536
913,804,913+804,1717
830,767,830+767,1597
375,998,375+998,1373
313,69,313+69,382
902,368,902+368,1270
418,394,418+394,812
901,801,901+801,1702
752,457,752+457,1209
516,639,516+639,1155
455,793,455+793,1248
208,364,208+364,572
585,871,585+871,1456
370,360,370+360,730
465,496,465+496,961
942,853,942+853,1795
79,756,79+756,835
511,375,511+375,886
85,825,85+825,910
417,567,417+567,984
598,549,598+549,1147
4,201,4+201,205
424,585,424+585,1009
197,716,197+716,913
263,95,263+95,358
61,917,61+917,978
989,275,989+275,1264
206,12,206+12,218
214,41,214+41,255
852,827,852+827,1679
981,410,981+410,1391
848,298,848+298,1146
78,313,78+313,391
962,445,962+445,1407
63,574,63+574,637
353,862,353+862,1215
936,43,936+43,979
743,903,743+903,1646
336,877,336+877,1213
583,592,583+592,1175
504,124,504+124,628
630,352,630+352,982
814,798,814+798,1612
434,481,434+481,915
255,538,255+538,793
51,548,51+548,599
140,480,140+480,620
156,480,156+480,636
701,753,701+753,1454
72,908,72+908,980
306,242,306+242,548
113,838,113+838,951
983,325,983+325,1308
600,72,600+72,672
432,878,432+878,1310
469,511,469+511,980
684,619,684+619,1303
305,22,305+22,327
278,369,278+369,647
664,323,664+323,987
240,300,240+300,540
8,609,8+609,617
151,552,151+552,703
579,726,579+726,1305
78,136,78+136,214
184,174,184+174,358
42,966,42+966,1008
591,972,591+972,1563
763,660,763+660,1423
85,526,85+526,611
247,1,247+1,248
936,273,936+273,1209
583,413,583+413,996
528,536,528+536,1064
628,441,628+441,1069
178,391,178+391,569
197,659,197+659,856
468,382,468+382,850
165,638,165+638,803
198,306,198+306,504
317,208,317+208,525
258,475,258+475,733
872,448,872+448,1320
551,429,551+429,980
705,441,705+441,1146
910,748,910+748,1658
32,555,32+555,587
482,340,482+340,822
438,84,438+84,522
53,652,53+652,705
47,355,47+355,402
471,297,471+297,768
490,423,490+423,913
919,254,919+254,1173
993,772,993+772,1765
162,153,162+153,315
113,302,113+302,415
505,384,505+384,889
781,445,781+445,1226
762,548,762+548,1310
671,927,671+927,1598
614,775,614+775,1389
743,235,743+235,978
948,388,948+388,1336
184,291,184+291,475
936,465,936+465,1401
718,873,718+873,1591
208,226,208+226,434
252,986,252+986,1238
508,998,508+998,1506
753,308,753+308,1061
102,397,102+397,499
698,233,698+233,931
260,837,260+837,1097
864,912,864+912,1776
133,797,133+797,930
250,726,250+726,976
101,784,101+784,885
497,603,497+603,1100
843,80,843+80,923
597,92,597+92,689
771,641,771+641,1412
316,744,316+744,1060
960,356,960+356,1316
582,595,582+595,1177
984,567,984+567,1551
250,625,250+625,875
635,202,635+202,837
344,523,344+523,867
963,294,963+294,1257
445,158,445+158,603
577,831,577+831,1408
756,973,756+973,1729
508,629,508+629,1137
787,462,787+462,1249
792,712,792+712,1504
399,365,399+365,764
856,666,856+666,1522
506,35,506+35,541
558,966,558+966,1524
327,141,327+141,468
278,754,278+754,1032
200,921,200+921,1121
135,363,135+363,498
348,529,348+529,877
800,945,800+945,1745
704,946,704+946,1650
879,365,879+365,1244
347,994,347+994,1341
411,807,411+807,1218
211,794,211+794,1005
36,171,36+171,207
990,767,990+767,1757
107,215,107+215,322
827,42,827+42,869
869,288,869+288,1157
264,218,264+218,482
853,344,853+344,1197
758,394,758+394,1152
992,753,992+753,1745
293,791,293+791,1084
882,222,882+222,1104
115,79,115+79,194
938,500,938+500,1438
805,400,805+400,1205
972,469,972+469,1441
42,629,42+629,671
259,122,259+122,381
70,889,70+889,959
735,209,735+209,944
982,455,982+455,1437
884,66,884+66,950
767,316,767+316,1083
243,589,243+589,832
205,268,205+268,473
941,302,941+302,1243
782,280,782+280,1062
701,26,701+26,727
373,390,373+390,763
376,684,376+684,1060
916,472,916+472,1388
891,149,891+149,1040
33,928,33+928,961
772,441,772+441,1213
344,438,344+438,782
358,800,358+800,1158
229,470,229+470,699
461,250,461+250,711
804,953,804+953,1757
392,842,392+842,1234
533,417,533+417,950
218,71,218+71,289
285,267,285+267,552
422,633,422+633,1055
874,224,874+224,1098
439,784,439+784,1223
957,471,957+471,1428
265,336,265+336,601
789,547,789+547,1336
523,796,523+796,1319
967,587,967+587,1554
125,593,125+593,718
630,404,630+404,1034
108,356,108+356,464
262,741,262+741,1003
469,210,469+210,679
678,20,678+20,698
659,251,659+251,910
432,911,432+911,1343
767,586,767+586,1353
837,79,837+79,916
533,838,533+838,1371
504,238,504+238,742
769,520,769+520,1289
976,338,976+338,1314
376,103,376+103,479
68,406,68+406,474
877,306,877+306,1183
297,872,297+872,1169
751,408,751+408,1159
9,968,9+968,977
47,502,47+502,549
586,613,586+613,1199
690,587,690+587,1277
26,727,26+727,753
888,662,888+662,1550
864,266,864+266,1130
798,601,798+601,1399
376,875,376+875,1251
88,177,88+177,265
910,493,910+493,1403
162,969,162+969,1131
658,357,658+357,1015
102,75,102+75,177
635,749,635+749,1384
908,507,908+507,1415
424,671,424+671,1095
359,795,359+795,1154
437,47,437+47,484
629,582,629+582,1211
294,484,294+484,778
808,796,808+796,1604
749,974,749+974,1723
536,884,536+884,1420
383,533,383+533,916
919,40,919+40,959
659,225,659+225,884
98,129,98+129,227
920,665,920+665,1585
408,332,408+332,740
478,844,478+844,1322
967,286,967+286,1253
974,528,974+528,1502
861,91,861+91,952
501,293,501+293,794
436,445,436+445,881
433,437,433+437,870
374,456,374+456,830
402,188,402+188,590
744,916,744+916,1660
231,10,231+10,241
613,271,613+271,884
661,647,661+647,1308
465,558,465+558,1023
583,54,583+54,637
766,919,766+919,1685
292,343,292+343,635
343,885,343+885,1228
426,235,426+235,661
166,478,166+478,644
316,826,316+826,1142
377,151,377+151,528
332,707,332+707,1039
721,857,721+857,1578
309,988,309+988,1297
977,798,977+798,1775
655,198,655+198,853
179,30,179+30,209
238,975,238+975,1213
41,414,41+414,455
406,36,406+36,442
756,163,756+163,919
543,788,543+788,1331
454,60,454+60,514
493,179,493+179,672
279,543,279+543,822
215,221,215+221,436
603,950,603+950,1553
981,749,981+749,1730
177,287,177+287,464
956,714,956+714,1670
442,74,442+74,516
961,696,961+696,1657
302,658,302+658,960
184,831,184+831,1015
213,210,213+210,423
558,786,558+786,1344
57,562,57+562,619
59,382,59+382,441
406,817,406+817,1223
